<?xml version="1.0" encoding="utf-8"?>
<component name="PhotoItemLayout" extends="Group">
	<interface>
		<field id="itemContent" type="node" onChange="itemContentChanged" />
		<field id="itemHasFocus" type="bool" onChange="onFocus" />
		<field id="gridHasFocus" type="bool" onChange="onGridHasFocus" />
		<field id="focusPercent" type="float" onChange="onFocusPercentChange" />
	</interface>
	<script type="text/brightscript" uri="PhotoItemLayout.brs" />
	<children>
		<LayoutGroup layoutDirection="vert" itemSpacings="[8]">
			<Poster id="thumbnail" loadDisplayMode="scaleToFill">
				<Poster id="checkBox" width="50" height="50" uri="pkg:/images/tickBox.png" translation="[430, 0]"  />
			</Poster>
			<Label id="title" horizAlign="center"/>
		</LayoutGroup>
	</children>
</component>
