<?xml version="1.0" encoding="utf-8"?>
<component name="MainScreenViewModel" extends="Node" >
	<interface>
		<field id="locationInfo" type="assocarray" alwaysNotify="true" />
		<field id="weatherInfo" type="assocarray" alwaysNotify="true" />
		<function name="getLocationData" />
		<function name="getWeatherData" />
	</interface>
	<script type="text/brightscript" uri="MainScreenViewModel.brs" />
	<script type="text/brightscript" uri="../Common/Utils.brs" />
	<script type="text/brightscript" uri="../Common/DataUtils.brs" />
</component>
