<?xml version="1.0" encoding="utf-8"?>
<component name="MainScreen" extends="Group">
	<script type="text/brightscript" uri="../MainScreen/MainScreen.brs" />
	<script type="text/brightscript" uri="../Common/Utils.brs" />
	<script type="text/brightscript" uri="../Common/DataUtils.brs" />
	<children>
		<Poster id="bgImage" uri="pkg:/images/background.jpg" height="1080" width="1920" />
		<Rectangle id="bgRectangle" color="#000000" height="1080" width="1920" opacity="0.2"/>
		<Label id="itemHeader" width="1720" color="#FFFFFF" horizAlign="center" translation="[0, 500]" />
		<LayoutGroup id = "LayoutGroup" itemSpacings="20" translation="[710, 550]">
		<Rectangle id="btnRect1" width="300" height="70" color="#000000" >
			<Label id="btnText1" width="300" height="70" text="Choose Photos" vertAlign="center" horizAlign="center" />
		</Rectangle>
		<Rectangle id="btnRect2" width="300" height="70" color="#000000" >
			<Label id="btnText2" width="300" height="70" text="Trip Advisor" vertAlign="center" horizAlign="center"/>
		</Rectangle>
		<Rectangle id="btnRect3" width="300" height="70" color="#000000" >
			<Label id="btnText3" width="300" height="70" text="Contact Info" vertAlign="center" horizAlign="center"/>
		</Rectangle>
		</LayoutGroup>
		<WeatherWidget id="weatherWidget" translation="[1300, 400]" visible="false" />
		<DisplayLocalPhotos id="photoGrid" visible="false" />
		<TripAdvisor id="Trip" visible="false"/>
		<Contactinfo id="Contact" visible="false"/>
	</children>
</component>
