<?xml version="1.0" encoding="utf-8"?>
<component name="DisplayLocalPhotos" extends="Group">
	<interface>
		<function name="build" />
	</interface>
	<script type="text/brightscript" uri="../DisplayLocalPhotos/DisplayLocalPhotos.brs" />
	<script type="text/brightscript" uri="../Common/Utils.brs" />
	<script type="text/brightscript" uri="../Common/DataUtils.brs" />

	<children>
		<Rectangle id="background" color="#000000" height="1080" width="1920" opacity="1" />
		<Label id="header" text="List of Local Images" width="1920" horizAlign="center" translation = "[0, 50]" />
		<MarkupGrid id="photoGrid" translation="[200, 100]" />
		<Rectangle id="btnSave" width="300" height="70" color="#cf0a2c" translation="[810, 980]">
			<Label id="btnText" width="300" height="70" text="Save Photos" vertAlign="center" horizAlign="center" />
		</Rectangle>
	</children>
</component>
